{
  "prior": {
    "yes": -1.8070497196167707,
    "no": -0.5148612576536834,
    "maybe": -3.9130557775497437
  },
  "raw": {
    "accuracy": 0.6533,
    "f1_macro": 0.48,
    "pred_dist": {
      "yes": 88,
      "no": 57,
      "maybe": 5
    },
    "per_class": {
      "yes": {
        "p": 0.6818,
        "r": 0.8,
        "f1": 0.7362
      },
      "no": {
        "p": 0.6667,
        "r": 0.7451,
        "f1": 0.7037
      },
      "maybe": {
        "p": 0.0,
        "r": 0.0,
        "f1": 0.0
      }
    }
  },
  "pmi": {
    "accuracy": 0.5333,
    "f1_macro": 0.4996,
    "pred_dist": {
      "yes": 66,
      "no": 18,
      "maybe": 66
    },
    "per_class": {
      "yes": {
        "p": 0.7424,
        "r": 0.6533,
        "f1": 0.695
      },
      "no": {
        "p": 0.9444,
        "r": 0.3333,
        "f1": 0.4928
      },
      "maybe": {
        "p": 0.2121,
        "r": 0.5833,
        "f1": 0.3111
      }
    }
  }
}